Name,Address,Postalcode,X-COORDINATES,Y-COORDINATES
Scape Mall,2 Orchard Link 237978 Singapore,237978,28265.1242,31468.6091
1 Moulmein Rise,1 Moulmein Rise  308143 Singapore,308143,29528.5709,33483.3903
7Jalan Bukit Merah,7 Jalan Bukit Merah 150007 Singapore,150007,25180.9495,29968.6847
8 @ Mount Sophia,8 Mount Sophia  228463 Singapore,228463,29406.4931,31479.6035
8 Lincoln,8 Lincoln Road 308363 Singapore,308363,29076.8161,33022.869
Alessandrea,31 Alexandra Road 159967 Singapore,159967,26805.705,30323.0812
Amaranda Gardens,118 Serangoon Avenue 3 554773 Singapore,554773,31745.6915,36841.278
Ang Mo Kio Ave 2/4, Ang Mo Kio Ave 2/4 560112 Singapore,560112,28272.8981,39254.5381
Ang Mo Kio Avenue 3 Block 244 and 245 ,244/245 Ang Mo Kio Avenue 3 560245 Singapore,560245,28159.0034,38857.4022
Arc at Tampines,17  Tampines Avenue 8 529602 Singapore,529602,38600.5529,36932.89
Ardmore Park,9A Ardmore Park 259956 Singapore,259956,27544.0692,32423.9552
Arthur 118,118 Arthur Road 439827 Singapore,439827,34071.407,31242.1684
Ascott Singapore Raffles Place ,2 Finlayson Green 049247 Singapore,49247,30030.0921,29391.8363
Aspella,275A-275D/277A-277D Compassvale Link 541275 Singapore,541275,34803.465,40540.7974
Atrina ,272A - 272D/273A - 273D Sengkang Central 540272 Singapore,540272,34723.8266,40728.3225
Atrium Residence,1 Lorong 28 Geylang 398406 Singapore,398406,33831.0222,32814.9963
Axis @ Siglap,59 East Coast Terrace 458950 Singapore,458950,38072.6572,32684.965
Balmoral 8,8 Balmoral Road 259792 Singapore,259792,27876.2767,32978.1208
Balmoral Heights,8 Balmoral Crescent 259928 Singapore,259928,28127.9591,33048.4877
Balmoral Hills,9 Balmoral Park  259844 Singapore,259844,27381.7652,33160.2425
Balmoral Plaza (Residential),271 Bukit Timah Road 259708 Singapore,259708,28241.9815,33190.2066
Balmoral Point,23 Balmoral Road 239806 Singapore,239806,28773.2074,31179.4591
Balmoral Residences,14 Balmoral Crescent 259910 Singapore,259910,28242.4777,33126.7158
Bayou Residence,349 Upper Paya Lebar Road 534957 Singapore,534957,33221.9116,36496.1218
Baywater,808 Bedok Reservoir Road 479243 Singapore,479243,39040.9134,35511.4881
Beaufort On Nassim,12 Nassim Road 258380 Singapore,258380,27045.1156,32320.4703
Bedok Reservoir Garden,709  Bedok Reservoir Road 470709 Singapore,470709,37908.2704,35289.2196
Belle Vue Residences,19  Oxley Walk 238592 Singapore,238592,29058.6111,30931.8676
Bencoolen Residences,51 Bencoolen Street 189630 Singapore,189630,29896.1311,31303.6773
Beverly Hill MCST 809,61 Grange Road 249570 Singapore,249570,27137.2086,31207.5824
Bishan Loft,31-35 Bishan Street 11 579819 Singapore,579819,30084.3566,36627.6424
Bishan Point,61 Bright Hill Drive 579653 Singapore,579653,27930.2654,37969.7425
Block 325C Sengkang East Way,325C Sengkang East Way 543325 Singapore,543325,34458.2392,41681.858
Blossoms @ Woodleigh,10 Woodleigh Close  357905 Singapore,357905,31923.2961,35399.3645
Blue Horizon,21 West Coast Crescent 128045 Singapore,128045,20445.2826,31035.8722
Buckley 18,18 Buckley Road 309776 Singapore,309776,28861.9068,33395.9506
Bullion Park Condominium,172 Lentor Loop 789100 Singapore,789100,28367.7457,41501.4244
Burlington Sqaure (Residential),175 Bencoolen Street 189649 Singapore,189649,30157.0511,31621.0892
Butterworth 8,8 Butterworth Lane 439423 Singapore,439423,34915.037,32699.626
Calarasi,31 Kim Keat Lane 328882 Singapore,328882,30342.0586,34001.6257
Carabelle Condominium,51 West Coast Way 127015 Singapore,127015,19427.4081,33366.2111
Carissa Park Condominium,2 Flora Drive 507025 Singapore,507025,42502.3283,37916.1541
Carribean at Keppel Bay,2 Keppel Bay Drive 098636 Singapore,98636,26021.7115,27775.9429
Casa Clementi,417  Clementi Avenue 1  120417 Singapore,120417,21053.6043,32503.7016
Casa Meya,25 Meyappa Chettiar Road 358464 Singapore,358464,31736.8924,34788.6061
Casabella,174 Duchess Avenue 269186 Singapore,269186,24272.5312,34042.7433
Caspian,52 Lakeside Drive 648316 Singapore,648316,15132.1609,36068.089
Central Horizon,78A-C and 79A-E Toa Payoh Central-Central Horizon 312078 Singapore,321078,30455.0668,34067.9428
Central Place,1 Hougang Street 91 538692 Singapore,538692,33133.8846,39739.864
Central Square,20 Havelock Road 059765 Singapore,59765,29103.4168,30065.6159
Central View,50 Hougang Street 11 538749 Singapore,538749,33031.0222,37248.6598
Ceylon Crest,30 Ceylon Road 429623 Singapore,429623,35744.3713,32072.1992
Changi Rise Condominium,2 Simei Rise 528800 Singapore,528800,42089.7903,36543.3577
Charisma View,167 Jalan Jurong Kechil 598671 Singapore,598671,20774.7199,36282.8868
City Square Residences,8 Kitchener Link  207229 Singapore,207229,30688.9222,32600.8999
City View @ Boon Keng, Boon Keng Road 332008 Singapore,332008,31098.9807,33187.4778
Citylights,82 Jellicoe Road 208741 Singapore,208741,31310.8994,32356.5813
Clementi Green,1 - 62 Clementi Crescent 599504 Singapore,599504,21315.2335,34066.5984
Clementi Meadows,315 - 320 Clementi Avenue 4 120315 Singapore,120315,20443.4911,33415.3746
Clementi Town Centre (Residential),441A  Clementi Avenue 3 121441 Singapore,121441,20374.2818,32991.7379
Clementiwoods Condominium,78-90 West Coast Road 126816 Singapore,126816,20678.0994,30928.7031
Cliveden at Grange,106 Grange Road 249594 Singapore,249594,27199.2913,31373.2837
Coastarina,510 East Coast Road 459135 Singapore,459135,37463.0488,32430.0655
Commonwealth View,89/90/91/91A Tanglin Halt Road 141089 Singapore,141089,24171.9569,31505.6686
Compassvale Arcadia  ,267A Compassvale Link 541267 Singapore,541267,35182.9325,40545.4556
Compassvale Beacon,211B  Compassvale Lane  540210 Singapore,540210,35424.0084,40804.8063
Coral Edge ,171-172 Punggol Field and Edgedale Plains 820171 Singapore,820171,36820.7562,41864.4054
Coral Edge Block 129-138,129-138 Edgedale Plains 828129 Singapore,828129,36505.254,41695.9913
Costa Del Sol,74 Bayshore Road 469989 Singapore,469989,39797.0384,32611.7589
Country Park Condominium,41 Bedok Road 469362 Singapore,469362,41465.1526,33717.0714
Crane Court ,38 Crane Road 429381 Singapore,429381,35216.6976,32717.875
Cuscaden Residences,28 Cuscaden Road 249723 Singapore,249723,27280.0993,31914.7409
D' Banyan,83 Jalan Sendudok 769468 Singapore,769468,27126.6427,47305.5707
D' Evelyn,18 Evelyn Road 309307 Singapore,309307,28705.9731,33226.0427
d'Leedon,1 Leedon Heights 267939 Singapore,267939,24544.1325,33146.2153
D'Lotus,10 Lorong Ampas 328784 Singapore,328784,30245.5449,34260.9575
D'Weave,5 Lorong 39 Geylang  387786 Singapore,387786,33142.5402,32926.8899
Dahlia Park Condominium,9 Flora Drive 507013 Singapore,507013,42675.6662,37903.1151
Dakota Residences,34 Dakota Crescent 399936 Singapore,399936,33983.7607,32077.6388
Dalvey Villas ,10A- 10K Dalvey Estates 259527 Singapore,259527,26639.6055,33181.8572
Damai Grove,613B  Punggol Drive  822613 Singapore,822613,36341.9339,42903.4768
De Lente,104 Holland Road 278547 Singapore,278547,24482.2606,32674.3362
De Paradiso,20 Martaban Road 328644 Singapore,328644,29926.5068,34035.8825
Domus,8 Irrawaddy Road 329564 Singapore,329564,29356.6603,34216.1324
Dover Gardens ,28/28A-8D Dover Crescent  130028 Singapore,130028,22264.194,31866.2386
Draycott Drive,38 Draycott Drive 259428 Singapore,259428,27709.5884,32445.7372
Duchess Manor,20 Duchess Road 268988 Singapore,268988,25077.3533,34088.6701
Duchess Residences,110 Duchess Avenue 266313 Singapore,266313,24465.2388,34030.3376
Duet,78 Holland Road 258873 Singapore,258873,24779.5812,32593.8853
Dunman View,100 Haig Road 438797 Singapore,438797,35095.3674,32473.6326
East Meadows ,32 Tanah Merah Kechil Road 465559 Singapore,465559,40341.6622,34612.344
East Signature Condominium,1A Elliot Walk 458656 Singapore,458656,38956.9705,32728.2296
Eastcove Residences,302 Joo Chiat Place 427982 Singapore,427982,36405.8628,32969.7253
Eastern Lagoon Condominium II,208 Upper East Coast Road 455287 Singapore,455287,39136.9668,32727.8931
Eastern Residence,285 Joo Chiat Place 427966 Singapore,427966,36270.3359,33025.7802
Eastwood Centre,20 Eastwood Road 486442 Singapore,486442,41601.5543,33755.3067
Ecoville,10 Martaban Road 328668 Singapore,328668,29955.5589,34007.9354
Eden View,6 Eden Grove 539102 Singapore,539102,32367.4574,36265.0871
Edgedale Green,632 - 636 Punggol Drive 820632 Singapore,820632,36924.2143,42483.1408
Edgefield Plain ,111 - 119 Edgefield Plains 820111 Singapore,820111,36152.9234,42063.1872
Edgefield Plains ,101 - 105 Edgefield Plains 820101 Singapore,820101,36067.1119,42262.637
Edgefield Plains and Punggol Central Block 178-193,178-193 Edgefield Plains and Punggol Central 820178 Singapore,820178,36359.0016,42364.9152
Esterina,12 Haig Avenue 438867 Singapore,438867,35407.7493,32231.8819
Estique,3 Rose Lane 437361 Singapore,437361,34725.2457,32482.5519
Everitt Green,9 Everitt Road North 428522 Singapore,428522,35628.1838,33164.8678
Fernvale Grove,436 Fernvale Road 790436 Singapore,790436,32822.6759,41604.9273
Fernvale Lane,403 - 405 Fernvale Lane 790403 Singapore,790403,32418.6979,41172.1898
Fernvale Vista, Fernvale Road 793441 Singapore,793441,32613.9681,41568.026
Forest Hills Condominium,31 Transit Road 778903 Singapore,778903,26249.0142,42977.1476
Fortune Jade Condominium ,501 Duman Road 439193 Singapore,439193,34846.5844,32469.6256
Four Seasons Park,8 Cuscaden Walk 249692 Singapore,249692,27460.3134,31733.2529
Freesia Woods,61 Sunset Way 597086 Singapore,597086,20605.871,34006.888
Ghim Moh Gardens,7/8/13-21 Ghim Moh Road 270007 Singapore,270007,22870.8441,32621.1558
Global Ville ,20 Jalan Raja Udang 329192 Singapore,329192,29033.3459,34415.5693
Golden Jasmine,152B Bishan Street 11 572152 Singapore,572152,30299.9593,36383.6836
Goldenhill Park Condominium,60 Mei Hwan Drive 568426 Singapore,568426,31264.8975,37246.1839
Goodwood Gardens,4 Balmoral Crescent 259889 Singapore,259889,28095.6701,32994.1787
Grandeur 8,18 Ang Mo Kio Central 3 567749 Singapore,567749,29491.7908,39824.9629
Haig Court,152 Haig Road 438795 Singapore,438795,35177.0701,32075.0578
Hanifah Building,118 Keng Lee Road 308404 Singapore,308404,29233.3975,32931.9402
HDB Golden Lotus,62B Lorong 4 Toa Payoh  312062 Singapore,312062,29998.7302,35335.9166
HDB The Periwinkle,194-195 Punggol Road 820194 Singapore,820194,36146.7795,42654.3627
HDB The Sundial,168B Punggol East 822168 Singapore,822168,36976.443,41821.9553
HDB Wellington,512/513 Wellington Circle 750512 Singapore,750512,26550.7943,48391.9151
Helios Residences,15/17 Cairnhill Circle 229815 Singapore,229815,28498.822,32098.5721
Heritage Residence,101 Lorong L Telok Kurau 425537 Singapore,425537,36862.8341,32761.6104
Highland Centre (Residential),22 Yio Chu Kang Road 545535 Singapore,545535,32889.5695,37497.8321
Hillington Green,51 Hillview Ave 669565 Singapore,669565,20400.5963,37852.6045
Hillview 128,128 Hillview Avenue 669595 Singapore,669595,19935.1443,37700.8983
Hillview Regency ,26 Bukit Batok East Avenue 2 659920 Singapore,659920,19768.6762,37138.1414
Holland Mews,67 Holland Road 258867 Singapore,258867,24985.9518,32404.6861
Hong Lim Complex (Residential),531 Upper Cross Street 050531 Singapore,50531,29378.4049,29620.169
Hougang Avenue 10 Block 512 ,512 Hougang Avenue 10 530512 Singapore,530512,34154.3363,39254.0049
Hundred Trees,83 West Coast Drive 127999 Singapore,127999,19647.7558,33061.3243
Icon (Residential),10 Gopeng Street  078878 Singapore,78878,29244.0023,28627.3431
Intero,8 Leicester Road 358841 Singapore,358841,31787.6266,34717.7361
Ivory,15 Ceylon Lane 423468 Singapore,423468,35466.7273,32633.7853
Jaya Tower,431/433 Bukit Timah Road 259738 Singapore,259738,26960.4995,33596.246
Jing Suites ,275 Changi Road 419755 Singapore,419755,36136.7374,33370.9872
JLB Residences,169 Jalan Loyang Besar 509422 Singapore,509422,42160.2169,40118.6468
Kallang Heights,2A - 2D/3A - 3D Upper Boon Keng Road 384002 Singapore,384002,32347.1825,32819.1866
Katong Park Towers,114A Arthur Road 439826 Singapore,439826,34103.3947,31353.619
Kent Residences,23 Kent Road 219219 Singapore,219219,30086.6532,33142.678
Kentish Green ,20 Oxford Road 218815 Singapore,218815,30055.393,33097.8864
Kovan Melody,13-37 Kovan Road 545018 Singapore,545018,33500.4051,37940.7981
La Casa,64 Woodlands Drive 16 737894 Singapore,737894,24000.7641,46040.5467
Laguna Park,5000A to 5000F Marine Parade Road 449287 Singapore,449287,38852.7181,32373.3591
Le Reve,17-31/33 Kampong Eunos 417786 Singapore,417786,36119.7749,33466.9675
Legenda @ Joo Chiat,23 Joo Chiat Lane 428125 Singapore,428125,35620.6942,32815.8522
Leith Grove,6 Leith Park 547933 Singapore,547933,32511.0529,38262.8199
Linear Green @ Bedok, Bedok Central 461221 Singapore,461221,39290.7728,34160.042
Livia,61/63/65/69/71/73/75/77/79/81 Pasir Ris Grove 518215 Singapore,518215,40297.4408,39372.4718
Lucky Plaza (Residential),304  Orchard Road 238863 Singapore,238863,28077.6865,31858.1991
Lumiere,2 Mistri Road  079624 Singapore,79624,29414.1346,28526.9924
Malvern Springs,373 Onan Road  424775 Singapore,424775,35855.1915,32022.6255
Mandale Heights,45 Mandalay Road 308225 Singapore,308225,29825.0865,34063.6717
Meadow Lodge,31 Chun Tin Road 599717 Singapore,599717,21329.3577,35959.8631
Medge,2 Minbu Road 308186 Singapore,308186,29898.8575,33957.5324
Mera Springs,81/83 Carlisle Road 219648 Singapore,219648,29487.0493,33006.7558
Meraprime,301 Jalan Bukit Ho Swee 169568 Singapore,169568,27384.4409,29941.9207
Meridian Block 173 - 176,173-176 Punggol Field 820173 Singapore,820173,36446.5091,42130.6912
Min Yuan,62 Waterloo Street 187958 Singapore,187958,30010.5627,31263.8234
Mint Residences @ Jansen,20 Jansen Road 548411 Singapore,548411,32908.3196,37992.7838
Montebleu,8 Minbu Road 308162 Singapore,308162,29867.8321,34002.6924
Monterey Park Condominium ,23 West Coast Rise 127466 Singapore,127466,19124.5466,33183.7968
Montview,63 Mount Sinai Drive 277116 Singapore,277116,21768.8879,33217.6779
Moonstone Residences,25 Moonstone Lane 328465 Singapore,328465,31644.4248,34369.3655
Nee Soon Central Estate,642-647 Yishun Street 61 760642 Singapore,760642,28459.4113,44749.1659
Newton 18,18 Newton Road 307989 Singapore,307989,28871.6396,32953.501
Newton 200,200 Newton Road 307983 Singapore,307983,29092.1202,33442.0888
Newton Euro - Asia,21 Newton Road 307954 Singapore,307954,28794.8674,33020.564
Nicole Green,68 Guillemard Road 399710 Singapore,399710,33178.6227,32401.8147
Nomu,20 Handy Road 229236 Singapore,229236,29518.4445,31351.8438
Northoaks,20 Woodlands Crescent  738081 Singapore,738081,24962.7311,47392.5493
Novena Suites,200 Moulmein Road 308107 Singapore,308107,29270.5559,33459.2141
Nuovo,21 Ang Mo Kio Avenue 9 569786 Singapore,569786,29011.7938,40701.841
Oasis@Elias,60 Elias Road 519938 Singapore,519938,40054.5416,39882.7145
One - North Residences,7 One-North Gateway 138642 Singapore,138642,23168.7434,31616.7065
One @ Pulasan,1 Pulasan Road 424366 Singapore,424366,36098.6262,32747.4327
One Jervois,3 Jervois Close  249009 Singapore,249009,26924.6472,30602.963
One Leicester,1 Leicester Road 358828 Singapore,358828,31788.1548,34627.2347
One Oxley Rise (Residential),1 Oxley Rise 238714 Singapore,238714,28933.7658,31289.7756
One Shenton,1 Shenton Way 068803 Singapore,68803,29918.0101,29083.4584
One Tree Hill,1A One Tree Hill 248669 Singapore,248669,27036.0688,31456.3791
Orchard Grand Court Pte Ltd ,131 Killiney Road 239571 Singapore,239571,28581.2377,31076.1497
Orchard Parksuites,11 Orchard Turn  238800 Singapore,238800,27935.4004,31704.8805
Orchard Scotts,7 Anthony Road 229955 Singapore,229955,28570.5511,32441.0952
Orion,6C Orange Grove Road 258333 Singapore,258333,27365.4303,32324.451
Oxford Suites,21 Oxford Road 218817 Singapore,218817,30133.5235,33091.6685
Palm Oasis,51 Telok Kurau Lorong H 426052 Singapore,426052,36365.7782,33156.3718
Palm Residence,7 Jalan Rajawali 598429 Singapore,598429,20863.1178,36157.5667
Palm Vista,47 Lorong G Telok Kurau 426224 Singapore,426224,36487.8926,33281.6668
Pandan Valley Condominium MCST 581,3 Pandan Valley 597627 Singapore,597627,22002.151,33573.3441
Paradise Palms,505 Dunman Road 439198 Singapore,439198,34900.2226,32473.8017
Parc Emily,9  Mount Emily Road 228492 Singapore,228492,29712.7426,31789.6125
Parc Mackenzie,68 Mackenzie road 228687 Singapore,228687,29620.1602,32064.6103
Parc Oasis,35 Jurong East Avenue 1 609774 Singapore,609774,16949.7621,36226.7453
Paterson Residences,71/75/83 Paterson Road 238545 Singapore,238545,27608.824,31423.1335
Pearl's Centre (Residential),100 Eu Tong Sen Street 059812 Singapore,59812,28815.5363,29348.5628
Platinum Edge,18 Leicester Road 358847 Singapore,358847,31731.4631,34744.7807
Pristine Heights,77 Mergui Road 219053 Singapore,219053,30067.3825,33245.9879
Proximo,27 Robin Road 258204 Singapore,258204,27491.9224,33292.741
Punggol Breeze,Blk 616A to Blk 616D Punggol Drive 821616 Singapore,821616,36832.5812,42572.2032
Punggol Central Block 293-299 ,293 -299 Punggol Central 820293 Singapore,820293,35971.0822,42770.606
Punggol Eastdale,643 - 652 Punggol Eastdale 820643 Singapore,820643,37203.4051,42134.1641
Punggol Field ,200 - 205A Punggol Field 820200 Singapore,820200,35762.7577,42351.7131
Punggol Field Block 196-199,196 - 199 Punggol Field 820196 Singapore,820196,36206.3222,42360.7477
Punggol Field Walk ,125 - 126D Punggol Field Walk 820125 Singapore,820125,36686.1114,41759.0119
Punggol Field Walk Block 127-128D,127-128D Punggol Field Walk 820128 Singapore,820128,36818.2297,41649.1107
Punggol Gardens ,160 - 166B Punggol Central 821160 Singapore,821160,37168.8767,41912.1989
Punggol Lodge, Punggol Road 823603 Singapore,823603,36307.7395,42799.1034
Punggol Spring,614A Edgefield Plains  821614 Singapore,821614,36451.6951,42826.8639
Punggol Vista, Punggol Vista  822602 Singapore,822602,36184.552,42763.6678
Quinterra,359 Holland Road 278636 Singapore,278636,22142.6,33433.0755
Rafflesia Condominium,31 Bishan Street 21 579800 Singapore,579800,29112.5181,36679.6921
Reflections @ Keppel Bay,1-33 Keppel Bay View 098405 Singapore,98405,25772.2181,27704.1638
Regency House (Residential),121 Penang Road 238464 Singapore,238464,28971.4141,31313.9163
Regency Suites,38 Kim Tian Road 169279 Singapore,169279,27534.7863,29641.4276
Residence 66 ,66 Telok Kurau Road 423788 Singapore,423788,36385.2543,33189.3019
Residences @ Jansen ,29 Jansen Road 548432 Singapore,548432,32791.1799,38006.4948
Rio Gardens,55B Jalan Taman 329001 Singapore,329001,31452.3346,34315.6474
Ris Grandeur,33 Elias Road 519935 Singapore,519935,39907.2354,39588.8449
Ritz Regency,8 Ipoh Lane 438611 Singapore,438611,34838.6027,32630.0201
River Place,60 Havelock Road 169658 Singapore,169658,28885.6365,30224.0109
Robertson Edge,18 Tong Watt Road 238010 Singapore,238010,28803.5218,30609.0959
Rocca Balestier (Residential),221 Balestier Road 329928 Singapore,329928,30137.6078,33727.6833
Rosyth Ville,3 Rosyth Road 546134 Singapore,546134,32553.3646,38328.2051
Sanctuary Green,181 Tanjong Rhu Road 436922 Singapore,436922,32277.1267,30927.412
Scenic Heights,245 Balestier Road 329929 Singapore,329929,30097.9827,33764.2006
Scotts Highpark,43 Scotts Road 228239 Singapore,228239,28378.8235,32740.1914
Shahid Apartment Pte Ltd,88 Owen Road 218901 Singapore,218901,30246.5971,32861.1288
Shaw Plaza (Twin Heights),360 Balestier Road 329783 Singapore,329783,29973.9555,34151.2829
Sheares Ville ,9 Holt Road 249446 Singapore,249446,27118.7848,30640.3563
Siglap Lucky Valley ,67 Bedok South Avenue 3 460067 Singapore,460067,40326.2472,33471.2464
SilverSea,50 Marine Parade Road 449307 Singapore,449307,35766.1167,31372.5696
Simei Road Block 155 to 166 ,155-166 Simei Road 520155 Singapore,520155,41899.0691,36315.9048
Simei Street 1 Block 135 and 138 ,135/138 Simei Street 1 520135 Singapore,520135,41769.5045,36685.8269
Sims Green,7 Lorong 27A Geylang 388133 Singapore,388133,33710.4346,32966.3985
SkyPark @ Somerset ,22 St Thomas Walk 238107 Singapore,238107,28301.9724,31060.5775
Spring @ Katong,18/20 Ceylon Road 429748 Singapore,429748,35799.518,31993.3149
Strathmore Green,62  Strathmore Avenue 142062 Singapore,142062,25563.6014,30752.2647
SummerHill,50/52/54/56  Hume Avenue 596229 Singapore,596229,20526.9573,37815.1764
Sun Plaza (Residential),30 Sembawang Drive  757713 Singapore,757713,26457.9936,47763.0551
Sunglade,1 Serangoon Avenue 2 556130 Singapore,556130,32267.9063,36711.4483
Sunshine Mansions,289 Joo Chiat Place 427970 Singapore,427970,36288.1877,33019.6114
Sunshine Plaza (Residential),91 Bencoolen Street  187652 Singapore,187652,29989.2625,31404.6555
Tan Chong Tower (Residential),15 Queen Street 188537 Singapore,188537,30155.6169,31152.9
Tangerine Grove,3 Paya Lebar Crescent 534239 Singapore,534239,33259.6031,36930.0843
Tanglin Regency,381/383/385 Tanglin Road 247965 Singapore,247965,26072.3181,30493.1936
Tanglin Residences,23 Saint Martin's Drive 258004 Singapore,258004,26898.4276,32070.3684
Tanglin View,150-156 Prince Charles Crescent 159012 Singapore,159012,26336.0196,30469.4093
Teck Ghee Fire Post,463 Ang Mo Kio Avenue 10 560463 Singapore,560463,30689.7281,38775.6868
Teck Ghee Heartlands,415A  Ang Mo Kio Avenue 8 561415 Singapore,561415,30354.3942,38490.8388
Teck Ghee Vista,303 Ang Mo Kio Avenue 1 560303 Singapore,560303,29328.3315,38742.6444
Ten @ Suffolk,10 Suffolk Road 307786 Singapore,307786,29239.1982,32986.2032
Terrace View,362 Terrace View 424758 Singapore,424758,35805.5555,32065.3797
The Acacias,21 Sommerville Road 358246 Singapore,358246,31962.4259,36298.431
The Ambra,97 Lorong H Telok Kurau 426117 Singapore,426117,36829.2863,33242.7935
The Ansley,33 Mandalay Road 308214 Singapore,308214,29726.8243,33946.4761
The Asteria,9 Martia Road 424796 Singapore,424796,36653.5966,32171.5593
The Bale,8 Lorong H Telok Kurau 425991 Singapore,425991,36130.1954,33040.2912
The Beacon Edge,250 Tembeling Road 423728 Singapore,423728,35972.7662,32161.9746
The Belleforte,4/6 Ah Hood Road 329973 Singapore,329973,29299.0494,34359.5041
The Berth by The Cove,228 Ocean Drive 098616 Singapore,98616,29446.8922,25849.538
The Botanic on Lloyd,33 Lloyd Road 239106 Singapore,239106,28689.6551,30994.0191
The Callista,22 Mar Thoma Road 328702 Singapore,328702,31283.8293,34415.4216
The Cathay Residences,30 Mount Sophia 228464 Singapore,228464,29599.8645,31325.4482
The Champagne,380/382 Changi Road 419832 Singapore,419832,36600.8123,33404.4112
The Chuan,31 Lorong Chuan 556820 Singapore,556820,31019.6232,36889.2524
The Coris,264-266 Compassvale Link 543265 Singapore,543265,34972.0693,40449.9428
The Cornwall,2 Cornwall Gardens 269632 Singapore,269632,24361.7592,32710.3147
The Cosmopolitan,200 Kim Seng Road 239471 Singapore,239471,27899.5723,30906.5064
The Cotz,171 Telok Kurau Road  423824 Singapore,423824,36629.4237,32849.7719
The Dew,30/32/34 Bukit Batok Street 21 659636 Singapore,659636,19386.7032,36536.3329
The Edge on Cairnhill,130 Cairnhill Road 229717 Singapore,229717,28424.203,32349.3866
The Esta,31 Amber Gardens  439966 Singapore,439966,35390.9906,31568.1986
The Fernhill,1 Fernhill Road 259049 Singapore,259049,27181.669,32959.8505
The Foliage,370 Pasir Panjang Road 118707 Singapore,118707,21433.9192,30365.071
The Gardens at Bishan,1/3/5/7/9 Sin Ming Walk 575576 Singapore,575576,27790.7392,38477.089
The Glacier,258-260 Joo Chiat Place 427940 Singapore,427940,36221.1822,32954.8083
The Grandhill,39 Pasir Panjang Hill 118860 Singapore,118860,22608.0074,29341.2979
The Heliconia,30 Jalan Daud 419572 Singapore,419572,36411.475,34287.0152
The Horizon,1 Holt Road 249441 Singapore,249441,27269.891,30766.0727
The Infiniti,39C West Coast Road 127714 Singapore,127714,19327.167,33475.9258
The Interlace,200 Depot Road 109694 Singapore,109694,24699.4704,29406.6573
The Jade,9 Bukit Batok Central Link 658074 Singapore,658074,18606.028,36791.3262
The LadyHill,1 Lady Hill Road 258670 Singapore,258670,27078.6816,32527.0592
The Levelz,38 Farrer Road 268836 Singapore,268836,24848.0495,32869.2674
The Light at Cairnhill,19 Cairnhill Circle 229768 Singapore,229768,28566.9706,32085.9371
The Linc,7 Lincoln Road 308346 Singapore,308346,29022.3572,32975.645
The Linear,880 Upper Bukit Timah Road 678181 Singapore,678181,20157.3186,39709.7801
The Luxe (Residential),6 Handy Road 229234 Singapore,229234,29543.2634,31334.2076
The Marbella,29 Mount Sinai Rise 276952 Singapore,276952,21929.7109,33000.8045
The Mayfair,1 Jurong East Street 32 609477 Singapore,609477,16882.4372,36353.6311
The Maylea,242E Pasir Panjang Road 117494 Singapore,117494,22671.8789,29218.4288
The Meadows,637A-642D  Punggol Drive 821637 Singapore,821637,37045.1992,42396.6873
The Merlot,101 Keng Lee Road 219261 Singapore,219261,29448.4878,32947.3774
The Metropolitan Condominium,8 Alexandra View 158747 Singapore,158747,26074.4211,30319.9537
The Mornington,16 Saint Michael's Road 328005 Singapore,328005,31413.819,34268.4544
The Naturalis,2 Lorong M Telok Kurau 425279 Singapore,425279,36366.5901,32447.1965
The Palette,103 Pasir Ris Grove 518196 Singapore,518196,40403.89,39147.679
The Paterson,63 Paterson Road 238539 Singapore,238539,27696.0988,31424.5767
The Peak @ Toa Payoh,138  Lorong 1A Toa Payoh 310138 Singapore,310138,29277.326,35430.2011
The Pearl @ Mount Faber,3 Mount Faber Road 099207 Singapore,99207,27001.4869,28121.5334
The Pier at Robertson (Residential)  ,80 Mohamed Sultan Road 239013 Singapore,239013,28805.1425,30423.939
The Pinnacle @ Duxton,1 Cantoment Road 080001 Singapore,80001,28883.932,28833.5344
The Quintet,36 Choa Chu Kang Street 64 689101 Singapore,689101,18789.9358,42290.7412
The Residences at W Sentosa Cove,1 Ocean Way 098367 Singapore,98367,28914.2071,25748.0232
The River Vista @ Kallang,38A - D/39 Bendemeer Road 331038 Singapore,331038,31741.6706,33590.8468
The Sail @ Marina Bay ,6 Raffles Boulevard 018985 Singapore,18985,30152.3828,29246.505
The Sentinel,3 Surrey Road 307743 Singapore,307743,28982.2519,33172.0925
The Serenade @ Holland,371 Holland Road 278698 Singapore,278698,22050.4181,33414.7023
The Spring,3 Moulmein Rise 308144 Singapore,308144,29484.3219,33486.8411
The Suites @ Central,57A Devonshire Road 239897 Singapore,239897,28401.4825,31210.6869
The Taipan,25 Jalan Hajijah 468721 Singapore,468721,39308.1533,32734.0454
The Tomlinson,20 Cuscaden Road 249726 Singapore,249726,27194.4032,31861.1765
The Trumps,1 Jalan Kembangan 419154 Singapore,419154,36921.9904,33587.4407
The View @ Meyer,46 Meyer Road 437871 Singapore,437871,33979.7562,31179.6951
The Vines,12 Lorong Sarina 416736 Singapore,416736,36312.5044,33516.9359
The Vision,73  West Coast Crescent 128061 Singapore,128061,20396.0016,31177.5798
The Warren,37 - 59 Choa Chu Kang Loop 689675 Singapore,689675,17936.9247,40886.5541
The Yardley,571 Upper Serangoon Road 534798 Singapore,534798,32275.5879,36648.326
Tivela,270/270A/271/271A-C SengKang Central 540270 Singapore,540270,34776.9221,40897.4812
Treelodge @ Punggol,305 Punggol Road  820305 Singapore,820305,36120.2419,43083.4233
Trevista,25 Lorong 3 Toa Payoh 319583 Singapore,319583,29497.6449,35585.2734
Tribeca By The Waterfront ,60 Kim Seng Road  239497 Singapore,239497,28131.3575,30385.0399
Tropics @ Haigsville,3 Haigsville Drive 438702 Singapore,438702,35195.4298,32498.2652
Twin Regency,26 Kim Tian Road 169277 Singapore,169277,27507.7996,29713.1914
Urban Edge @ Holland V,2 Ford Avenue 268686 Singapore,268686,23666.0034,32813.6417
Valley Point (Residential),491 River Valley Road 248371 Singapore,248371,27290.209,30600.8644
Varsity Park Condominium,34 West Coast Road 127335 Singapore,127335,20776.689,30732.0566
Ventuno Balmoral,21 Balmoral Road 259805 Singapore,259805,27959.6045,33137.5753
Vertis,20 Amber Gardens 439979 Singapore,439979,35432.3236,31517.6172
Vibes @ Kovan,93 Kovan Road 548178 Singapore,548178,32927.7202,37435.6301
Viento,29  Lorong 30 Geylang 398362 Singapore,398362,33920.8666,32723.1901
Visioncrest (Residential),35 Oxley Rise 238711 Singapore,238711,29056.7636,31174.8215
Water Place,177 Tanjong Rhu Road 436931 Singapore,436931,32355.0215,31008.5908
Waterfront Waves,760/762/764/766/768 Bedok Reservoir Road 479249 Singapore,479249,38790.1784,35464.5145
Watermark Robertson Quay,1 Rodyk Street 238212 Singapore,238212,28559.5398,30370.7649
West Bay Condominium,50 West Coast Crescent 128035 Singapore,128035,20468.4227,31223.2849
Westcove ,10 West Coast Crescent 128041 Singapore,128041,20544.9508,31098.8856
Westmont,15 West Coast Road 127300 Singapore,127300,20645.0181,30586.1213
White Water,23 Pasir Ris St 72 518765 Singapore,518765,39352.7413,40187.0741
Yew Tee Residence,21  Chua Chu Kang North 6  689578 Singapore,689578,18344.7131,42132.2399
Yishun Central Block 302 - 308 ,302 - 308 Yishun Central  760302 Singapore,760302,28707.3522,45751.4732
Yong An Park Condominium (MCST 1267),331 River Valley Road 238363 Singapore,238363,28098.3241,30788.8431
